coul,exch,kin,solvent,nuc_att_glob,nuc_att_loc,nuc_att,xc,el,struct,tot,charge_atom
7.91778117185341,-5.444757023110867,37.8957685227222,0.0,-31.50714056236084,-31.507140561590937,0.0,0.0,-22.64548845248703,-14.357722532850971,-37.003210985338,0.08052230540568317
7.917781172165969,-5.444757023284944,37.895768524809526,0.0,-31.50714056237684,-31.50714056314675,0.0,0.0,-22.64548845183304,-14.357722532850971,-37.00321098468401,0.08052230538338456
