coul,exch,kin,solvent,nuc_att_glob,nuc_att_loc,nuc_att,xc,el,struct,tot,charge_atom
7.917781172095429,-5.444757023223199,37.89576852470841,0.0,-31.50714056236084,-31.507140562948173,0.0,0.0,-22.645488451728376,-14.357722532850971,-37.00321098457935,0.08052230540374516
7.917781171923942,-5.444757023172606,37.89576852282327,0.0,-31.507140562376822,-31.507140561789488,0.0,0.0,-22.645488452591707,-14.357722532850971,-37.00321098544268,0.08052230538533056
